Record,Sex,Age,AHI,Severity,Signal_Mean,Signal_Std,Signal_Max,Signal_Min
tr03-0005,M,59,21.06122448979592,Moderate OSA,2240.326456860606,8019.26704467021,31794,-32443
tr03-0029,M,55,76.82008368200837,Severe OSA,2062.344339300113,7225.833167879511,31145,-32443
tr03-0052,F,46,1.5254237288135597,No OSA,2057.21514623344,7941.0384809672605,31794,-32443
tr03-0061,M,43,56.38736842105263,Severe OSA,2137.7124054181118,7781.541446637661,31794,-32443
tr03-0078,F,47,64.30915056507473,Severe OSA,2053.774871970495,7346.880904392096,31794,-32443
tr03-0079,M,29,21.8450184501845,Moderate OSA,2320.0626581706565,8057.374557067432,32443,-32443
tr03-0083,M,63,44.528301886792455,Severe OSA,2154.5998005776664,8171.034652368411,32443,-32443
tr03-0086,M,54,15.194548252363155,Moderate OSA,2008.3991622522851,8100.359542285272,31794,-32443
tr03-0087,M,24,2.3193074290316087,No OSA,2283.772775955388,7937.052611012446,31145,-32443
tr03-0092,M,43,52.19062875450541,Severe OSA,2304.460659093597,8080.401168657584,32443,-32443
tr03-0100,M,67,56.34651600753296,Severe OSA,2340.657255156833,8117.444828775696,32443,-32443
tr03-0103,M,52,58.394160583941606,Severe OSA,2083.8278481312263,7411.688293056901,31145,-32443
tr03-0134,M,49,41.35265700483092,Severe OSA,2222.1320175862243,7929.074165651503,31794,-32443
tr03-0135,F,46,8.062709966405375,Mild OSA,2097.298509200182,7463.597079110833,31145,-32443
tr03-0141,F,68,45.63380281690141,Severe OSA,2119.010322833169,7647.727450919744,31145,-32443
tr03-0146,m,63,56.58536585365853,Severe OSA,2052.461178416314,7521.068474206362,31794,-32443
tr03-0152,F,50,12.02054794520548,Mild OSA,2232.9649596713966,8232.640420599346,32443,-32443
tr03-0166,M,71,51.42857142857143,Severe OSA,2056.33409073191,7435.367938766568,31794,-32443
tr03-0167,F,67,7.804878048780488,Mild OSA,2120.9157435690195,7886.990628610277,31794,-32443
tr03-0179,M,45,122.37037037037037,Severe OSA,1919.1860602455451,6853.584675232647,31794,-32443
tr03-0184,F,46,19.13043478260869,Moderate OSA,2282.531543256532,7962.486457996726,32443,-32443
tr03-0187,M,46,89.01057871810828,Severe OSA,2120.210411836932,7732.696564984751,31794,-32443
tr03-0198,M,75,9.886363636363637,Mild OSA,2238.1713145338463,8094.773979042217,31794,-32443
tr03-0212,M,29,2.108345534407028,No OSA,2226.5483582816314,7979.423163075316,31794,-32443
tr03-0216,F,69,115.60050568900128,Severe OSA,1941.6304040118173,7471.795125501901,31145,-32443
tr03-0241,F,59,33.17972350230415,Severe OSA,2091.051910305157,7854.381246143185,31145,-32443
tr03-0251,F,76,31.70568561872909,Severe OSA,1962.6302118280817,7190.94474485926,31145,-32443
tr03-0256,M,52,150.46439628482972,Severe OSA,1965.9485990109365,7555.986223540313,31794,-32443
tr03-0257,M,52,49.98242530755712,Severe OSA,2117.429960636469,8023.007027362174,32443,-32443
tr03-0267,F,40,25.761226725082143,Moderate OSA,2290.008306602783,8107.235843637351,32443,-32443
tr03-0287,F,65,28.02919708029197,Moderate OSA,2125.725906698809,7742.082948870388,32443,-32443
tr03-0289,M,72,53.16211878009631,Severe OSA,2145.3662460101423,7809.058131398629,31794,-32443
tr03-0299,M,34,107.49700598802396,Severe OSA,1921.1763010838908,6860.243251347533,31794,-32443
tr03-0300,M,24,86.97575499787324,Severe OSA,2316.699217792983,8077.233369867466,32443,-32443
tr03-0304,M,73,55.66739606126915,Severe OSA,2038.066550172252,7422.999040726244,32443,-32443
tr03-0314,M,62,162.33644859813083,Severe OSA,1791.9616957766734,7329.450567912619,31794,-32443
tr03-0322,M,31,17.742857142857144,Moderate OSA,2250.591238950884,8292.330340524422,32443,-32443
tr03-0333,F,55,45.22696011004126,Severe OSA,2259.67729821047,7862.984044219442,31794,-32443
tr03-0373,M,55,82.29589312221673,Severe OSA,2263.7369015283907,8187.470951901652,32443,-32443
tr03-0392,M,63,44.96042216358839,Severe OSA,2232.486952104751,8078.349446720184,31794,-32443
tr03-0394,F,64,0.0,No OSA,2252.6946824283414,8103.554410125814,31145,-32443
tr03-0396,M,43,10.026109660574413,Mild OSA,2377.8921964528927,8242.828690370878,31794,-32443
tr03-0401,M,68,47.82287822878229,Severe OSA,2217.729195049986,8088.564079340837,31794,-32443
tr03-0402,F,57,48.14673290026748,Severe OSA,2165.1197204266323,7815.915346023458,31145,-32443
tr03-0411,F,44,14.830371567043615,Mild OSA,2191.904141137591,8149.699455587554,31794,-32443
tr03-0413,F,41,42.38856181665265,Severe OSA,2161.493166326768,8141.092382762133,32443,-32443
tr03-0418,M,47,68.66059817945384,Severe OSA,2248.1287241914074,7824.13235568396,31794,-32443
tr03-0426,F,67,40.89686098654708,Severe OSA,1777.793734185966,7777.903251526861,32443,-32443
tr03-0428,M,56,66.08695652173914,Severe OSA,2247.7400982343866,7920.840602105583,32443,-32443
tr03-0434,F,62,47.23051409618574,Severe OSA,2071.6073169628075,7194.695098684222,31145,-32443
tr03-0473,M,63,17.142857142857142,Moderate OSA,2349.606061334254,8176.220430877008,32443,-32443
tr03-0485,M,41,6.40876412187607,Mild OSA,2314.6741602326124,8049.809985056442,32443,-32443
tr03-0487,M,51,55.436619718309856,Severe OSA,2247.785447383625,7819.099237152864,31794,-32443
tr03-0494,M,48,48.46715328467153,Severe OSA,2226.813132015297,7795.255403450744,31794,-32443
tr03-0523,F,50,10.523751522533496,Mild OSA,2231.1312895023266,8082.886766880106,32443,-32443
tr03-0532,F,49,48.5140562248996,Severe OSA,2250.6676158258024,8106.521971874355,31794,-32443
tr03-0536,M,74,2.891566265060241,No OSA,2199.0138248701846,7993.5062856327295,31794,-32443
tr03-0541,F,53,22.478048780487804,Moderate OSA,2281.8740105902034,8239.203872677599,32443,-32443
tr03-0560,M,61,42.78857142857143,Severe OSA,2184.9012641982977,7840.068150022098,31794,-32443
tr03-0567,M,46,36.51567944250871,Severe OSA,2241.729221719457,7959.093374986368,31794,-32443
tr03-0584,F,52,4.965517241379311,No OSA,2285.7110804844588,7957.828497508171,32443,-32443
tr03-0592,F,54,9.574468085106384,Mild OSA,2218.2751295122366,7983.347469989233,32443,-32443
tr03-0618,F,59,45.1925820256776,Severe OSA,2161.508843790972,7807.519373180075,31145,-32443
tr03-0623,M,73,45.9391771019678,Severe OSA,2109.645131865874,7565.089173725073,31145,-32443
tr03-0645,F,23,30.50246305418719,Severe OSA,2047.7926624224565,8216.500267079875,32443,-32443
tr03-0672,M,44,39.5272588638963,Severe OSA,2149.5199365411067,7809.099448491042,31794,-32443
tr03-0674,F,56,50.49418604651162,Severe OSA,2265.887716616433,8159.87012185548,32443,-32443
tr03-0678,M,46,21.12469437652812,Moderate OSA,2064.4827229645,7851.6521099374095,31794,-32443
tr03-0686,M,73,25.3797733948804,Moderate OSA,2242.487193012166,8018.043586476275,31794,-32443
tr03-0697,F,46,67.2636815920398,Severe OSA,2100.207581920153,7890.210932921151,32443,-32443
tr03-0708,M,57,6.195652173913043,Mild OSA,2190.9450743641582,8007.116598424662,31794,-32443
tr03-0713,M,64,26.5945945945946,Moderate OSA,2246.0518139956885,7789.995411145775,31794,-32443
tr03-0715,F,59,24.85933503836317,Moderate OSA,2258.750400084164,7852.552176572881,31145,-32443
tr03-0726,M,71,17.862595419847327,Moderate OSA,2186.5858146245578,7824.346999038603,31794,-32443
tr03-0733,F,57,70.20746887966806,Severe OSA,2112.986657498709,7736.519190200932,31145,-32443
tr03-0743,M,35,56.5016501650165,Severe OSA,2134.9240958620003,7952.010224974185,31794,-32443
tr03-0759,M,83,49.010906355772846,Severe OSA,1968.7461803609235,7596.145688976606,31145,-32443
tr03-0764,M,64,13.86454183266932,Mild OSA,2128.0751727605248,7651.158089322563,31145,-32443
tr03-0773,M,75,42.61363636363637,Severe OSA,2088.1515082200544,7566.039785618434,31794,-32443
tr03-0780,M,52,0.584652862362972,No OSA,2267.930210803569,7937.783020253229,31145,-32443
tr03-0785,F,49,10.467289719626168,Mild OSA,2156.45295661196,7831.882075210948,32443,-32443
tr03-0792,M,35,23.46459747817653,Moderate OSA,2278.792456292849,8058.747369144534,31794,-32443
tr03-0793,M,52,36.89320388349514,Severe OSA,2106.592455434609,7829.472151668942,32443,-32443
tr03-0796,M,45,62.644067796610166,Severe OSA,2159.1074866348604,7796.082340846782,31794,-32443
tr03-0802,M,45,35.18142235123367,Severe OSA,2250.313229779654,7867.315196611718,31794,-32443
tr03-0816,F,34,21.41367323290845,Moderate OSA,2226.054654028628,7876.778697518828,32443,-32443
tr03-0862,F,61,2.93398533007335,No OSA,2206.939675862448,7878.362836367527,31794,-32443
tr03-0863,F,63,17.99043062200957,Moderate OSA,2046.2072532938384,7644.105144612081,31145,-32443
tr03-0876,F,64,47.28546409807356,Severe OSA,2137.659596322961,7782.142823374039,32443,-32443
tr03-0879,M,49,57.93103448275862,Severe OSA,2024.791954563069,7169.997344336898,31145,-32443
tr03-0885,M,32,32.9938900203666,Severe OSA,2177.382542915996,7617.516353484144,32443,-32443
tr03-0900,M,50,8.108108108108107,Mild OSA,2188.732496803396,8133.619539058536,31794,-32443
tr03-0904,M,19,1.8224552522147888,No OSA,2210.210494676209,7663.489086737548,31145,-32443
tr03-0906,M,62,44.49704142011834,Severe OSA,2285.4113605107323,7922.916423773607,31794,-32443
tr03-0907,F,32,34.49101796407186,Severe OSA,2229.0095194308246,8012.521941752093,32443,-32443
tr03-0909,M,70,51.67883211678832,Severe OSA,2246.9776005961685,7821.356045436578,31794,-32443
tr03-0919,M,69,71.07806691449815,Severe OSA,1865.497590883809,7043.656931445334,31794,-32443
tr03-0921,M,61,15.597400433261123,Moderate OSA,2015.3704985911745,7870.711941424229,31794,-32443
tr03-0933,M,71,119.6153846153846,Severe OSA,2073.2974015390687,7583.307439247011,31145,-32443
tr03-0940,F,55,2.52299605781866,No OSA,2275.921306880495,8112.9979602641715,32443,-32443
tr03-0955,F,55,1.2167300380228137,No OSA,2160.897164943344,7980.3746239038755,31145,-32443
tr03-0982,M,58,83.98340248962656,Severe OSA,2102.188263394246,7522.752336932813,31145,-32443
tr03-1004,M,53,19.492385786802032,Moderate OSA,2184.5850075213,7895.665334171341,31794,-32443
tr03-1010,M,36,52.64743707514239,Severe OSA,2223.99479145523,7719.842513988299,32443,-32443
tr03-1013,M,34,34.368231046931406,Severe OSA,2236.389976894501,7758.306544805544,31794,-32443
tr03-1023,M,60,31.183294663573086,Severe OSA,2123.332481450636,7433.798383043512,31145,-32443
tr03-1050,F,48,57.56546072356586,Severe OSA,1956.803909151316,7334.033124508398,31145,-32443
tr03-1056,M,51,24.752014324082364,Moderate OSA,1712.3611102673028,8164.219032370053,31794,-32443
tr03-1075,M,58,30.451612903225808,Severe OSA,2150.109263775721,7909.784186450566,31794,-32443
tr03-1082,M,52,45.99178184534927,Severe OSA,2109.9251266557403,7716.701013328961,31794,-32443
tr03-1100,M,32,0.2719546742209631,No OSA,2289.7053132983624,7948.605129971424,31794,-32443
tr03-1112,M,48,17.09660010793308,Moderate OSA,2150.8563041839684,7488.947128790918,31145,-32443
tr03-1115,M,41,15.096774193548386,Moderate OSA,2234.0866073107754,7898.778155198711,31794,-32443
tr03-1119,F,55,15.143911439114392,Moderate OSA,2128.860196461233,7579.190473165603,31794,-32443
tr03-1129,M,53,5.129358830146232,Mild OSA,2321.3325520523567,8210.913963226943,32443,-32443
tr03-1135,F,70,37.24137931034483,Severe OSA,2124.616931281198,7529.253205201945,31794,-32443
tr03-1143,M,54,49.10891089108911,Severe OSA,2083.057514734672,7286.3501411530015,32443,-32443
tr03-1155,F,18,0.0,No OSA,2310.522292652718,8029.257479086481,32443,-32443
tr03-1160,M,31,67.25748502994013,Severe OSA,2299.3572230031755,8022.124602339071,32443,-32443
tr03-1181,M,43,11.927272727272728,Mild OSA,2201.423285624446,7645.917840002289,31794,-32443
tr03-1183,M,24,23.85454545454545,Moderate OSA,2232.501988047469,8072.444525418585,31794,-32443
tr03-1185,M,64,50.99601593625498,Severe OSA,2202.752751526252,7849.462753373983,31145,-32443
tr03-1197,M,74,46.31578947368421,Severe OSA,2212.904749330457,7813.89906216393,31794,-32443
tr03-1226,M,44,49.2847740236946,Severe OSA,2228.867091640083,7768.766882439178,31794,-32443
tr03-1231,F,56,31.026615969581748,Severe OSA,2263.9271296407064,7867.233643091775,31794,-32443
tr03-1292,M,67,26.006191950464395,Moderate OSA,1816.2202805708437,8216.07538848774,32443,-32443
tr03-1294,M,77,67.12979890310785,Severe OSA,2089.439919440073,7565.539616884207,31794,-32443
tr03-1302,M,39,78.67612293144208,Severe OSA,2181.9253785421365,7974.991277763565,31794,-32443
tr03-1319,M,52,50.72886297376093,Severe OSA,2131.8514409953373,7686.566996381228,31794,-32443
tr03-1333,F,21,0.0,No OSA,2343.0741259259257,8320.808848592083,32443,-32443
tr03-1346,M,32,9.896907216494846,Mild OSA,2311.3820268070085,8018.588418613382,31794,-32443
tr03-1362,M,68,75.52722637042433,Severe OSA,2104.907212487841,7395.386181239606,32443,-32443
tr03-1367,M,65,19.5606936416185,Moderate OSA,2153.0757030151744,7941.0261426051875,31145,-32443
tr03-1371,M,48,50.589711417816815,Severe OSA,2112.981746383188,7751.784332316591,31794,-32443
tr03-1373,M,59,89.55851436580238,Severe OSA,2333.402587275249,8131.165860226811,32443,-32443
tr03-1374,F,44,3.8391468562541657,No OSA,2340.563104192247,8114.320997793979,31794,-32443
tr03-1387,M,65,111.33265513733468,Severe OSA,2088.567678823846,7898.560363550257,31794,-32443
tr03-1389,F,49,70.73189823874755,Severe OSA,2119.8626110151577,7910.2677171886035,31794,-32443
tr03-1397,M,29,16.35385534967125,Moderate OSA,2288.235475221405,7945.54179235324,31794,-32443
tr04-0008,F,56,38.59390172849097,Severe OSA,2181.7276629099056,8001.618459063407,32443,-32443
tr04-0014,M,39,59.91489361702128,Severe OSA,2050.384757046301,7659.576145833677,31794,-32443
tr04-0015,M,39,74.25219941348973,Severe OSA,1960.1439091411064,7841.485688978134,32443,-32443
tr04-0020,M,42,1.9380888290713325,No OSA,2313.640500031892,8079.228846248156,32443,-32443
tr04-0029,M,36,21.01067615658363,Moderate OSA,2344.187055117129,8160.473561094291,31794,-32443
tr04-0030,M,50,5.231357552581262,Mild OSA,1978.9894128322596,8087.834618789692,31794,-32443
tr04-0039,F,49,33.99267399267399,Severe OSA,2259.9052723637983,7870.917731476763,31794,-32443
tr04-0041,F,60,32.90322580645161,Severe OSA,2228.910077225018,8046.174953511488,32443,-32443
tr04-0075,F,56,8.33976833976834,Mild OSA,2168.385371097522,8003.158777318761,31794,-32443
